1563478966.jpg,bad
1563395121.jpg,n/a
1563476787.jpg,bad
1563394203.jpg,bad
1563395848.jpg,bad
1563392699.jpg,bad
1563393587.jpg,bad
1563392841.jpg,bad
1563479339.jpg,bad
1563395323.jpg,bad
1563392316.jpg,n/a
1563396170.jpg,n/a
1563394940.jpg,bad
1563467339.jpg,n/a
1563394798.jpg,bad
1563479107.jpg,bad
1563392538.jpg,bad
1563477937.jpg,bad
1563395525.jpg,bad
1563468181.jpg,bad
1563392276.jpg,n/a
1563394607.jpg,bad
1563393829.jpg,bad
1563476354.jpg,bad
1563479067.jpg,bad
1563478351.jpg,bad
1563475113.jpg,n/a
1563395041.jpg,bad
1563468383.jpg,n/a
1563394405.jpg,bad
1563392921.jpg,good
1563395928.jpg,bad
1563476142.jpg,bad
1563393395.jpg,bad
1563479259.jpg,bad
1563475304.jpg,n/a
1563468433.jpg,bad
1563475476.jpg,bad
1563477261.jpg,bad
1563395726.jpg,bad
1563394809.jpg,bad
1563468625.jpg,bad
1563477705.jpg,bad
1563467258.jpg,n/a
1563475890.jpg,bad
1563395242.jpg,good
1563468816.jpg,good
1563396039.jpg,bad
1563393627.jpg,bad
1563477665.jpg,bad
1563393960.jpg,bad
1563475072.jpg,n/a
1563478230.jpg,bad
1563478542.jpg,bad
1563475728.jpg,bad
1563468786.jpg,bad
1563395444.jpg,bad
1563477856.jpg,bad
1563468221.jpg,bad
1563475516.jpg,bad
1563478754.jpg,bad
1563477473.jpg,bad
1563475264.jpg,n/a
1563476989.jpg,bad
1563468584.jpg,bad
1563395646.jpg,good
1563393547.jpg,good
1563392881.jpg,bad
1563392659.jpg,good
1563395888.jpg,bad
1563478795.jpg,bad
1563394566.jpg,bad
1563476747.jpg,n/a
1563476021.jpg,bad
1563478018.jpg,bad
1563479460.jpg,n/a
1563476586.jpg,good
1563394758.jpg,bad
1563394980.jpg,good
1563392467.jpg,bad
1563393779.jpg,good
1563478583.jpg,bad
1563468948.jpg,n/a
1563476545.jpg,good
1563392498.jpg,good
1563479662.jpg,n/a
1563477897.jpg,bad
1563467460.jpg,n/a
1563467299.jpg,n/a
1563476394.jpg,good
1563393143.jpg,bad
1563475879.jpg,bad
1563478391.jpg,bad
1563393194.jpg,bad
1563395283.jpg,bad
1563476343.jpg,bad
1563467500.jpg,n/a
1563468141.jpg,bad
1563476828.jpg,bad
1563478805.jpg,bad
1563393355.jpg,bad
1563476182.jpg,bad
1563467919.jpg,bad
1563479299.jpg,bad
1563395081.jpg,bad
1563468342.jpg,bad
1563467717.jpg,bad
1563478623.jpg,bad
1563476626.jpg,bad
1563479501.jpg,n/a
1563478179.jpg,bad
1563394375.jpg,bad
1563392710.jpg,bad
1563393426.jpg,bad
1563477060.jpg,bad
1563478421.jpg,bad
1563476424.jpg,bad
1563394163.jpg,good
1563475688.jpg,good
1563468020.jpg,bad
1563477100.jpg,bad
1563468746.jpg,bad
1563395484.jpg,bad
1563476222.jpg,bad
1563475930.jpg,bad
1563393022.jpg,bad
1563467677.jpg,good
1563468544.jpg,bad
1563477302.jpg,bad
1563395686.jpg,bad
1563467878.jpg,bad
1563393234.jpg,bad
1563476949.jpg,bad
1563394577.jpg,bad
1563467868.jpg,bad
1563478784.jpg,bad
1563393224.jpg,bad
1563476959.jpg,bad
1563468554.jpg,bad
1563467667.jpg,good
1563477312.jpg,bad
1563395696.jpg,bad
1563475920.jpg,bad
1563393032.jpg,good
1563468030.jpg,bad
1563477110.jpg,bad
1563468756.jpg,bad
1563395494.jpg,bad
1563476232.jpg,bad
1563394173.jpg,good
1563475698.jpg,bad
1563467288.jpg,n/a
1563477070.jpg,bad
1563478431.jpg,bad
1563476434.jpg,bad
1563394365.jpg,bad
1563393436.jpg,bad
1563468352.jpg,bad
1563477514.jpg,bad
1563467707.jpg,bad
1563478633.jpg,bad
1563476636.jpg,bad
1563479511.jpg,n/a
1563478169.jpg,good
1563395091.jpg,bad
1563478815.jpg,bad
1563476838.jpg,bad
1563393345.jpg,bad
1563476192.jpg,bad
1563467909.jpg,bad
1563479289.jpg,bad
1563393184.jpg,bad
1563395293.jpg,bad
1563467510.jpg,n/a
1563468151.jpg,bad
1563476384.jpg,bad
1563393153.jpg,bad
1563475869.jpg,bad
1563478381.jpg,bad
1563392488.jpg,good
1563476555.jpg,good
1563477887.jpg,bad
1563467470.jpg,n/a
1563476596.jpg,good
1563394990.jpg,bad
1563394748.jpg,bad
1563393769.jpg,bad
1563392477.jpg,bad
1563468958.jpg,n/a
1563478593.jpg,bad
1563476757.jpg,bad
1563476031.jpg,bad
1563478008.jpg,bad
1563479470.jpg,n/a
1563392649.jpg,n/a
1563393557.jpg,bad
1563392891.jpg,bad
1563395898.jpg,bad
1563395656.jpg,bad
1563468231.jpg,bad
1563475506.jpg,bad
1563478744.jpg,bad
1563477463.jpg,bad
1563475274.jpg,n/a
1563476999.jpg,bad
1563468796.jpg,bad
1563395454.jpg,bad
1563477846.jpg,bad
1563393970.jpg,bad
1563477675.jpg,bad
1563475062.jpg,n/a
1563478220.jpg,bad
1563478552.jpg,bad
1563475738.jpg,bad
1563468806.jpg,bad
1563395252.jpg,bad
1563396029.jpg,bad
1563394819.jpg,bad
1563468635.jpg,bad
1563477715.jpg,bad
1563467248.jpg,n/a
1563475658.jpg,bad
1563479248.jpg,bad
1563477503.jpg,bad
1563468423.jpg,bad
1563475466.jpg,bad
1563477271.jpg,bad
1563392931.jpg,bad
1563395938.jpg,bad
1563476152.jpg,bad
1563393385.jpg,bad
1563475315.jpg,good
1563395737.jpg,bad
1563395051.jpg,bad
1563468393.jpg,bad
1563394415.jpg,bad
1563476807.jpg,bad
1563393839.jpg,bad
1563479077.jpg,bad
1563478341.jpg,bad
1563475103.jpg,n/a
1563392528.jpg,good
1563477927.jpg,bad
1563395535.jpg,bad
1563468191.jpg,bad
1563394617.jpg,bad
1563392266.jpg,n/a
1563479117.jpg,bad
1563394788.jpg,bad
1563394950.jpg,bad
1563467329.jpg,n/a
1563395333.jpg,bad
1563392306.jpg,n/a
1563396160.jpg,good
1563395858.jpg,bad
1563393597.jpg,bad
1563392851.jpg,bad
1563392689.jpg,bad
1563479329.jpg,bad
1563395131.jpg,bad
1563478976.jpg,bad
1563476797.jpg,bad
1563394213.jpg,bad
1563468595.jpg,bad
1563478905.jpg,bad
1563476928.jpg,bad
1563393527.jpg,bad
1563392639.jpg,bad
1563394506.jpg,bad
1563394274.jpg,bad
1563478078.jpg,bad
1563479400.jpg,bad
1563476727.jpg,bad
1563476041.jpg,bad
1563395817.jpg,bad
1563394738.jpg,bad
1563467399.jpg,n/a
1563475789.jpg,bad
1563394062.jpg,bad
1563392407.jpg,n/a
1563479602.jpg,n/a
1563476243.jpg,good
1563476525.jpg,n/a
1563479158.jpg,bad
1563393123.jpg,bad
1563392215.jpg,n/a
1563475819.jpg,bad
1563394102.jpg,bad
1563476323.jpg,bad
1563395585.jpg,bad
1563477029.jpg,bad
1563476848.jpg,bad
1563478865.jpg,bad
1563393335.jpg,bad
1563394314.jpg,bad
1563467979.jpg,bad
1563394466.jpg,bad
1563392942.jpg,bad
1563395787.jpg,bad
1563478643.jpg,bad
1563468322.jpg,bad
1563475415.jpg,bad
1563477564.jpg,bad
1563479561.jpg,n/a
1563478119.jpg,bad
1563476646.jpg,bad
1563392770.jpg,bad
1563478694.jpg,bad
1563395989.jpg,bad
1563393446.jpg,bad
1563467788.jpg,n/a
1563467561.jpg,n/a
1563478441.jpg,bad
1563477766.jpg,bad
1563475617.jpg,bad
1563468120.jpg,bad
1563476444.jpg,bad
1563392599.jpg,bad
1563478482.jpg,bad
1563468685.jpg,bad
1563393678.jpg,bad
1563468040.jpg,bad
1563477160.jpg,good
1563468726.jpg,bad
1563478290.jpg,bad
1563393718.jpg,bad
1563393042.jpg,bad
1563475950.jpg,bad
1563468524.jpg,bad
1563477362.jpg,bad
1563468242.jpg,good
1563467818.jpg,n/a
1563393254.jpg,bad
1563476081.jpg,bad
1563395141.jpg,bad
1563395182.jpg,bad
1563393295.jpg,bad
1563475577.jpg,bad
1563467601.jpg,n/a
1563479359.jpg,n/a
1563476283.jpg,bad
1563395343.jpg,bad
1563468917.jpg,n/a
1563396110.jpg,bad
1563479198.jpg,bad
1563395394.jpg,bad
1563393083.jpg,bad
1563467359.jpg,n/a
1563477604.jpg,bad
1563477957.jpg,bad
1563468877.jpg,n/a
1563395545.jpg,bad
1563476485.jpg,bad
1563392558.jpg,bad
1563394667.jpg,bad
1563393849.jpg,bad
1563394698.jpg,bad
1563478331.jpg,bad
1563475173.jpg,n/a
1563395747.jpg,bad
1563392982.jpg,bad
1563476888.jpg,bad
1563395948.jpg,bad
1563476122.jpg,bad
1563475365.jpg,good
1563477201.jpg,bad
1563479238.jpg,bad
1563468453.jpg,bad
1563393486.jpg,bad
1563468484.jpg,bad
1563476686.jpg,bad
1563395020.jpg,good
1563394869.jpg,bad
1563468645.jpg,bad
1563467238.jpg,n/a
1563479006.jpg,bad
1563396059.jpg,bad
1563395222.jpg,good
1563478522.jpg,bad
1563393900.jpg,bad
1563394909.jpg,bad
1563478250.jpg,bad
1563475990.jpg,bad
1563475748.jpg,bad
1563392377.jpg,n/a
1563468080.jpg,bad
1563395424.jpg,bad
1563477836.jpg,bad
1563475204.jpg,n/a
1563477413.jpg,bad
1563478734.jpg,bad
1563392820.jpg,bad
1563392175.jpg,n/a
1563468282.jpg,bad
1563395626.jpg,bad
1563392165.jpg,n/a
1563468292.jpg,bad
1563395636.jpg,bad
1563475214.jpg,n/a
1563477403.jpg,bad
1563478724.jpg,bad
1563393284.jpg,bad
1563392367.jpg,n/a
1563468090.jpg,bad
1563395434.jpg,bad
1563477826.jpg,bad
1563478532.jpg,bad
1563393910.jpg,good
1563394919.jpg,good
1563478240.jpg,bad
1563475758.jpg,bad
1563475980.jpg,bad
1563396049.jpg,bad
1563395232.jpg,bad
1563478320.jpg,bad
1563394879.jpg,bad
1563468655.jpg,bad
1563393870.jpg,bad
1563478452.jpg,bad
1563479016.jpg,bad
1563468494.jpg,bad
1563476696.jpg,bad
1563395030.jpg,bad
1563477211.jpg,bad
1563479228.jpg,bad
1563468443.jpg,bad
1563393496.jpg,bad
1563476898.jpg,bad
1563395958.jpg,bad
1563476132.jpg,bad
1563475375.jpg,bad
1563395757.jpg,bad
1563392992.jpg,bad
1563393859.jpg,bad
1563475163.jpg,n/a
1563477947.jpg,good
1563468867.jpg,bad
1563395555.jpg,good
1563392548.jpg,bad
1563476495.jpg,bad
1563394677.jpg,bad
1563395384.jpg,bad
1563393093.jpg,bad
1563394930.jpg,bad
1563467349.jpg,n/a
1563477614.jpg,bad
1563476293.jpg,bad
1563468907.jpg,bad
1563395353.jpg,bad
1563396100.jpg,bad
1563479188.jpg,bad
1563392831.jpg,bad
1563395192.jpg,good
1563475567.jpg,bad
1563467611.jpg,bad
1563479349.jpg,bad
1563476091.jpg,bad
1563395151.jpg,bad
1563478916.jpg,bad
1563467808.jpg,n/a
1563393244.jpg,good
1563476939.jpg,bad
1563468534.jpg,bad
1563477372.jpg,bad
1563468252.jpg,bad
1563478280.jpg,bad
1563393708.jpg,bad
1563393052.jpg,bad
1563475940.jpg,bad
1563468050.jpg,bad
1563468736.jpg,bad
1563478492.jpg,bad
1563393668.jpg,bad
1563468695.jpg,bad
1563467571.jpg,n/a
1563477776.jpg,bad
1563475607.jpg,bad
1563476454.jpg,bad
1563392760.jpg,bad
1563478684.jpg,bad
1563395999.jpg,bad
1563467798.jpg,bad
1563393456.jpg,bad
1563478653.jpg,bad
1563468332.jpg,bad
1563475405.jpg,bad
1563477574.jpg,bad
1563467767.jpg,bad
1563479571.jpg,n/a
1563478109.jpg,bad
1563476656.jpg,bad
1563392952.jpg,bad
1563395797.jpg,bad
1563478875.jpg,bad
1563476858.jpg,bad
1563393325.jpg,bad
1563394304.jpg,bad
1563467969.jpg,bad
1563394476.jpg,bad
1563392588.jpg,bad
1563476333.jpg,bad
1563395595.jpg,bad
1563477039.jpg,bad
1563468131.jpg,bad
1563393133.jpg,bad
1563392205.jpg,n/a
1563475809.jpg,bad
1563477978.jpg,bad
1563394112.jpg,bad
1563479612.jpg,n/a
1563476253.jpg,bad
1563476535.jpg,n/a
1563479148.jpg,bad
1563477171.jpg,bad
1563467389.jpg,n/a
1563394728.jpg,bad
1563475799.jpg,bad
1563468938.jpg,n/a
1563394072.jpg,bad
1563392417.jpg,n/a
1563478068.jpg,n/a
1563479410.jpg,bad
1563476737.jpg,bad
1563476051.jpg,bad
1563395807.jpg,bad
1563392629.jpg,bad
1563393537.jpg,bad
1563394516.jpg,bad
1563394264.jpg,bad
1563395605.jpg,bad
1563393274.jpg,bad
1563393506.jpg,bad
1563479390.jpg,bad
1563467838.jpg,bad
1563392195.jpg,n/a
1563468504.jpg,bad
1563468262.jpg,bad
1563477342.jpg,bad
1563475970.jpg,bad
1563393738.jpg,bad
1563467409.jpg,n/a
1563392397.jpg,n/a
1563477140.jpg,bad
1563468060.jpg,bad
1563468706.jpg,bad
1563393658.jpg,bad
1563393880.jpg,bad
1563394889.jpg,bad
1563394123.jpg,bad
1563476464.jpg,n/a
1563477746.jpg,bad
1563475637.jpg,bad
1563468100.jpg,bad
1563467541.jpg,n/a
1563393466.jpg,bad
1563392750.jpg,bad
1563476666.jpg,bad
1563479541.jpg,n/a
1563478139.jpg,good
1563468302.jpg,bad
1563467757.jpg,bad
1563477544.jpg,bad
1563478663.jpg,bad
1563476101.jpg,bad
1563392962.jpg,bad
1563467959.jpg,bad
1563475385.jpg,bad
1563394334.jpg,n/a
1563478845.jpg,bad
1563476868.jpg,good
1563393315.jpg,bad
1563396090.jpg,bad
1563394687.jpg,bad
1563477009.jpg,bad
1563468897.jpg,good
1563476303.jpg,bad
1563392235.jpg,n/a
1563475839.jpg,bad
1563393103.jpg,bad
1563467420.jpg,n/a
1563479178.jpg,bad
1563476263.jpg,bad
1563476505.jpg,bad
1563479622.jpg,n/a
1563392427.jpg,n/a
1563394042.jpg,bad
1563393063.jpg,bad
1563394718.jpg,bad
1563395837.jpg,bad
1563476707.jpg,bad
1563476061.jpg,bad
1563478058.jpg,bad
1563479420.jpg,bad
1563394254.jpg,bad
1563475597.jpg,bad
1563394526.jpg,bad
1563392619.jpg,bad
1563476908.jpg,bad
1563395162.jpg,bad
1563478099.jpg,bad
1563477382.jpg,bad
1563392155.jpg,n/a
1563392800.jpg,bad
1563478714.jpg,bad
1563475224.jpg,n/a
1563477433.jpg,bad
1563395404.jpg,bad
1563477816.jpg,bad
1563475768.jpg,bad
1563393920.jpg,bad
1563478270.jpg,bad
1563478502.jpg,bad
1563395202.jpg,bad
1563467581.jpg,good
1563477786.jpg,bad
1563478462.jpg,bad
1563394849.jpg,bad
1563478310.jpg,bad
1563468665.jpg,bad
1563393698.jpg,bad
1563395000.jpg,bad
1563479581.jpg,n/a
1563477584.jpg,bad
1563395969.jpg,bad
1563479218.jpg,bad
1563392790.jpg,bad
1563477221.jpg,bad
1563475436.jpg,bad
1563394486.jpg,bad
1563475345.jpg,good
1563467999.jpg,bad
1563478885.jpg,bad
1563394445.jpg,bad
1563395767.jpg,bad
1563475153.jpg,n/a
1563477988.jpg,bad
1563479027.jpg,bad
1563394647.jpg,bad
1563392578.jpg,bad
1563468857.jpg,n/a
1563395565.jpg,bad
1563394082.jpg,bad
1563477624.jpg,bad
1563467379.jpg,n/a
1563396130.jpg,bad
1563392356.jpg,n/a
1563477181.jpg,bad
1563395363.jpg,bad
1563467621.jpg,bad
1563475557.jpg,bad
1563394294.jpg,n/a
1563478926.jpg,bad
1563478936.jpg,bad
1563478088.jpg,bad
1563467631.jpg,bad
1563479369.jpg,bad
1563475547.jpg,bad
1563394284.jpg,n/a
1563396120.jpg,bad
1563392346.jpg,n/a
1563477191.jpg,bad
1563395373.jpg,bad
1563468927.jpg,n/a
1563394092.jpg,good
1563467369.jpg,n/a
1563475779.jpg,bad
1563475194.jpg,n/a
1563394657.jpg,good
1563392568.jpg,bad
1563468847.jpg,n/a
1563477967.jpg,bad
1563395575.jpg,bad
1563475143.jpg,n/a
1563477998.jpg,bad
1563479037.jpg,bad
1563394455.jpg,bad
1563395777.jpg,bad
1563394496.jpg,bad
1563475355.jpg,bad
1563467989.jpg,bad
1563478895.jpg,bad
1563467778.jpg,bad
1563395979.jpg,bad
1563479208.jpg,bad
1563392780.jpg,bad
1563468463.jpg,bad
1563477231.jpg,bad
1563475426.jpg,bad
1563479591.jpg,n/a
1563395010.jpg,bad
1563477594.jpg,bad
1563478472.jpg,bad
1563394859.jpg,bad
1563478300.jpg,bad
1563393688.jpg,bad
1563468675.jpg,bad
1563395212.jpg,bad
1563396069.jpg,bad
1563467591.jpg,bad
1563477796.jpg,bad
1563477635.jpg,bad
1563393930.jpg,bad
1563478260.jpg,bad
1563478512.jpg,bad
1563395414.jpg,bad
1563477806.jpg,bad
1563392810.jpg,bad
1563478704.jpg,bad
1563475234.jpg,n/a
1563477423.jpg,bad
1563395616.jpg,bad
1563477392.jpg,bad
1563392145.jpg,n/a
1563394244.jpg,bad
1563475587.jpg,bad
1563394536.jpg,bad
1563393517.jpg,bad
1563392609.jpg,good
1563476918.jpg,bad
1563395172.jpg,bad
1563395827.jpg,bad
1563476717.jpg,bad
1563476071.jpg,bad
1563478048.jpg,bad
1563479430.jpg,n/a
1563392437.jpg,n/a
1563394052.jpg,bad
1563393073.jpg,bad
1563394708.jpg,bad
1563467430.jpg,n/a
1563479168.jpg,bad
1563476273.jpg,bad
1563476515.jpg,n/a
1563479632.jpg,n/a
1563392225.jpg,n/a
1563475829.jpg,bad
1563475183.jpg,n/a
1563393113.jpg,bad
1563396080.jpg,bad
1563477019.jpg,bad
1563468887.jpg,bad
1563476475.jpg,bad
1563476313.jpg,bad
1563467949.jpg,bad
1563475395.jpg,bad
1563394324.jpg,bad
1563476878.jpg,bad
1563478855.jpg,bad
1563393305.jpg,bad
1563476111.jpg,bad
1563392972.jpg,bad
1563476676.jpg,bad
1563479551.jpg,n/a
1563478129.jpg,bad
1563468312.jpg,bad
1563467747.jpg,bad
1563468474.jpg,bad
1563477554.jpg,bad
1563478673.jpg,bad
1563393476.jpg,bad
1563392740.jpg,bad
1563477756.jpg,bad
1563475627.jpg,bad
1563468110.jpg,bad
1563467551.jpg,n/a
1563393890.jpg,bad
1563393648.jpg,bad
1563394899.jpg,bad
1563394133.jpg,n/a
1563392387.jpg,n/a
1563477150.jpg,bad
1563468070.jpg,bad
1563468716.jpg,bad
1563475960.jpg,bad
1563393728.jpg,bad
1563392185.jpg,n/a
1563468514.jpg,bad
1563468272.jpg,bad
1563477352.jpg,bad
1563393264.jpg,bad
1563479380.jpg,bad
1563467828.jpg,bad
1563395666.jpg,bad
1563467697.jpg,bad
1563477453.jpg,bad
1563475244.jpg,bad
1563394587.jpg,bad
1563468201.jpg,bad
1563475536.jpg,bad
1563478774.jpg,bad
1563395464.jpg,bad
1563475708.jpg,bad
1563393940.jpg,bad
1563477645.jpg,bad
1563475052.jpg,n/a
1563478210.jpg,bad
1563396019.jpg,bad
1563393607.jpg,bad
1563395262.jpg,bad
1563477080.jpg,bad
1563475668.jpg,bad
1563467278.jpg,n/a
1563394829.jpg,bad
1563477725.jpg,bad
1563468605.jpg,bad
1563394183.jpg,bad
1563478199.jpg,n/a
1563395706.jpg,bad
1563477282.jpg,bad
1563394395.jpg,bad
1563475456.jpg,bad
1563477241.jpg,bad
1563468413.jpg,bad
1563479279.jpg,bad
1563475325.jpg,bad
1563392901.jpg,bad
1563476162.jpg,bad
1563395908.jpg,bad
1563394425.jpg,bad
1563395061.jpg,bad
1563478371.jpg,bad
1563475133.jpg,n/a
1563393809.jpg,bad
1563479047.jpg,bad
1563476374.jpg,bad
1563394627.jpg,bad
1563392256.jpg,n/a
1563468837.jpg,n/a
1563477917.jpg,bad
1563393174.jpg,bad
1563395505.jpg,bad
1563392518.jpg,bad
1563393799.jpg,bad
1563478563.jpg,bad
1563479127.jpg,bad
1563467319.jpg,n/a
1563394960.jpg,bad
1563392336.jpg,n/a
1563396150.jpg,bad
1563467480.jpg,n/a
1563477877.jpg,bad
1563395303.jpg,bad
1563467899.jpg,bad
1563467641.jpg,bad
1563479319.jpg,bad
1563395868.jpg,bad
1563392861.jpg,bad
1563394223.jpg,bad
1563395101.jpg,n/a
1563479480.jpg,n/a
1563478946.jpg,bad
1563393214.jpg,bad
1563476969.jpg,bad
1563475284.jpg,good
1563467858.jpg,good
1563477493.jpg,good
1563476000.jpg,bad
1563468564.jpg,bad
1563477322.jpg,bad
1563475910.jpg,bad
1563393002.jpg,bad
1563477685.jpg,bad
1563476202.jpg,bad
1563477120.jpg,bad
1563468766.jpg,bad
1563394143.jpg,bad
1563393638.jpg,bad
1563476404.jpg,bad
1563478401.jpg,bad
1563393406.jpg,bad
1563392730.jpg,bad
1563475496.jpg,bad
1563394355.jpg,bad
1563479521.jpg,n/a
1563478159.jpg,good
1563476606.jpg,n/a
1563478603.jpg,bad
1563467737.jpg,bad
1563477524.jpg,bad
1563468363.jpg,bad
1563467939.jpg,bad
1563478825.jpg,bad
1563393375.jpg,bad
1563468161.jpg,bad
1563392296.jpg,n/a
1563467520.jpg,n/a
1563475859.jpg,bad
1563393163.jpg,bad
1563479087.jpg,bad
1563467440.jpg,n/a
1563479642.jpg,n/a
1563476565.jpg,good
1563394022.jpg,n/a
1563393759.jpg,bad
1563393981.jpg,good
1563392447.jpg,good
1563475093.jpg,n/a
1563394778.jpg,bad
1563467656.jpg,n/a
1563478038.jpg,bad
1563479440.jpg,n/a
1563478986.jpg,bad
1563476767.jpg,bad
1563394546.jpg,bad
1563394234.jpg,bad
1563392679.jpg,bad
1563393567.jpg,good
1563394556.jpg,bad
1563393577.jpg,bad
1563392669.jpg,bad
1563478028.jpg,bad
1563479450.jpg,n/a
1563478996.jpg,bad
1563476777.jpg,bad
1563476011.jpg,bad
1563394032.jpg,n/a
1563393991.jpg,n/a
1563392457.jpg,good
1563393749.jpg,bad
1563475083.jpg,n/a
1563394768.jpg,bad
1563467450.jpg,n/a
1563396180.jpg,n/a
1563479652.jpg,n/a
1563476575.jpg,good
1563475849.jpg,bad
1563392245.jpg,n/a
1563479097.jpg,bad
1563468171.jpg,bad
1563392286.jpg,n/a
1563394344.jpg,bad
1563467929.jpg,bad
1563476818.jpg,bad
1563478835.jpg,bad
1563393365.jpg,bad
1563468373.jpg,bad
1563479531.jpg,n/a
1563478149.jpg,good
1563476616.jpg,n/a
1563478613.jpg,bad
1563467727.jpg,bad
1563477534.jpg,bad
1563393416.jpg,bad
1563392720.jpg,bad
1563475486.jpg,bad
1563476414.jpg,bad
1563478411.jpg,bad
1563467531.jpg,n/a
1563477050.jpg,bad
1563475647.jpg,bad
1563394153.jpg,n/a
1563476212.jpg,good
1563477130.jpg,bad
1563468010.jpg,bad
1563468776.jpg,bad
1563475900.jpg,bad
1563393012.jpg,bad
1563477695.jpg,bad
1563468574.jpg,bad
1563477332.jpg,bad
1563393204.jpg,bad
1563476979.jpg,bad
1563475294.jpg,bad
1563477483.jpg,bad
1563467848.jpg,bad
1563478956.jpg,bad
1563395111.jpg,n/a
1563479309.jpg,bad
1563395878.jpg,bad
1563392871.jpg,bad
1563392326.jpg,n/a
1563396140.jpg,bad
1563467490.jpg,n/a
1563395313.jpg,bad
1563477867.jpg,bad
1563393789.jpg,bad
1563478573.jpg,bad
1563467309.jpg,n/a
1563394970.jpg,bad
1563479137.jpg,bad
1563394637.jpg,bad
1563468827.jpg,bad
1563477907.jpg,bad
1563395273.jpg,bad
1563395515.jpg,bad
1563392508.jpg,bad
1563478361.jpg,bad
1563475123.jpg,n/a
1563393819.jpg,bad
1563476364.jpg,bad
1563479057.jpg,bad
1563394435.jpg,bad
1563395071.jpg,bad
1563479269.jpg,bad
1563475335.jpg,bad
1563392911.jpg,bad
1563476172.jpg,bad
1563395918.jpg,bad
1563394385.jpg,bad
1563475446.jpg,bad
1563477251.jpg,bad
1563468403.jpg,bad
1563395716.jpg,bad
1563478189.jpg,n/a
1563477292.jpg,bad
1563475678.jpg,bad
1563467268.jpg,n/a
1563394839.jpg,bad
1563477735.jpg,bad
1563468615.jpg,bad
1563394193.jpg,bad
1563396009.jpg,bad
1563393617.jpg,bad
1563477090.jpg,bad
1563475718.jpg,bad
1563477655.jpg,bad
1563393950.jpg,bad
1563395474.jpg,bad
1563467888.jpg,bad
1563477443.jpg,bad
1563475254.jpg,n/a
1563394597.jpg,bad
1563468211.jpg,bad
1563475526.jpg,bad
1563478764.jpg,bad
1563479491.jpg,n/a
1563395676.jpg,bad
1563467687.jpg,n/a
1567238350.jpg,n/a
1567238344.jpg,n/a
1567269692.jpg,-2
1567258329.jpg,-2
1567018548.jpg,n/a
1567269309.jpg,-2
1567197735.jpg,2
1567257230.jpg,-2
1567256927.jpg,2
1567199693.jpg,-2
1567257436.jpg,-2
1567258705.jpg,-2
1567259433.jpg,-2
1567257620.jpg,-2
1567259157.jpg,-2
1567196953.jpg,-2
1567257609.jpg,-2
1567195080.jpg,n/a
1567238782.jpg,n/a
1567193354.jpg,n/a
1567197898.jpg,2
1567238437.jpg,n/a
1567269108.jpg,-2
1567238421.jpg,n/a
1567195121.jpg,2
1567018588.jpg,n/a
1567197939.jpg,2
1567259222.jpg,n/a
1567193424.jpg,-2
1567197695.jpg,2
1567259141.jpg,n/a
1567238540.jpg,2
1567267736.jpg,-2
1567193586.jpg,-2
1567259551.jpg,-2
1567238391.jpg,n/a
1567193960.jpg,n/a
1567238385.jpg,n/a
1567193555.jpg,-2
1567198399.jpg,2
1567197653.jpg,2
1567238550.jpg,2
1567257168.jpg,2
1567269093.jpg,-2
1567018598.jpg,n/a
1567261008.jpg,2
1567238380.jpg,n/a
1567257009.jpg,2
1567238355.jpg,n/a
1567238427.jpg,n/a
1567238396.jpg,n/a
1567197888.jpg,2
1567238745.jpg,-2
1567195090.jpg,n/a
1567238792.jpg,n/a
1567259146.jpg,n/a
1567198006.jpg,2
1567238787.jpg,n/a
1567258715.jpg,-2
1567258926.jpg,-2
1567256658.jpg,n/a
1567256880.jpg,-2
1567258113.jpg,-2
1567257220.jpg,-2
1567258107.jpg,-2
1567258885.jpg,-2
1567018558.jpg,n/a
1567238432.jpg,n/a
1567258438.jpg,n/a
1567256617.jpg,2
1567238535.jpg,2
1567238483.jpg,n/a
1567238468.jpg,n/a
1567238324.jpg,n/a
1567238442.jpg,n/a
1567197755.jpg,2
1567261090.jpg,n/a
1567267556.jpg,n/a
1567238278.jpg,n/a
1567238293.jpg,n/a
1567259889.jpg,-2
1567193687.jpg,n/a
1567257127.jpg,-2
1567197807.jpg,2
1567197797.jpg,2
1567193283.jpg,n/a
1567261085.jpg,n/a
1567199792.jpg,2
1567238494.jpg,n/a
1567258412.jpg,-2
1567260833.jpg,-2
1567238319.jpg,n/a
1567238457.jpg,n/a
1567238309.jpg,n/a
1567238447.jpg,n/a
1567259720.jpg,2
1567193293.jpg,n/a
1567261095.jpg,n/a
1567199782.jpg,-2
1567193324.jpg,n/a
1567197817.jpg,2
1567198701.jpg,2
1567259126.jpg,-2
1567193697.jpg,n/a
1567238283.jpg,n/a
1567256566.jpg,n/a
1567267546.jpg,n/a
1567261080.jpg,n/a
1567199973.jpg,2
1567238678.jpg,-2
1567238334.jpg,n/a
1567238452.jpg,n/a
1567198660.jpg,2
1567257917.jpg,2
1567238478.jpg,n/a
